Subreddit,Post,Post with Mention,Comment ,Comment with Mention
LA,0.00156,0.00104,0.00295,0.001
philly,0.00191,0.00061,0.00367,0.00306
atlanta,0.00278,0.00181,0.00352,0.00227
DC,0.00189,0.0014,0.00277,0.00291
Miami,0.00187,0.0,0.00333,0.00237
Florida,0.00136,0.0,0.00252,0.00065
Boston,0.00144,0.00227,0.00252,0.00265
Tallahassee,0.00215,0.0,0.00395,0.0
Boston_gaymers,0.0,0,0.00654,0
NewYorkCity,0.0011,0.00097,0.00238,0.00159
NewYorkCity_gaymers,0.00135,0.00288,0.00272,0.0
Dallas,0.0021,0.0,0.00346,0.00257
Houston,0.00284,0.00516,0.00372,0.00209
Chicago,0.00158,0.00109,0.00255,0.00147
