Subreddit,Post,Post with Mention,Comment ,Comment with Mention
LA,0.00027,0.00026,0.00052,0.00026
philly,0.00019,0.0,0.00039,0.00336
atlanta,0.00022,0.0,0.00024,4e-05
DC,0.00123,0.0007,0.00126,0.00075
Miami,0.00023,0.0,0.0003,0.0
Florida,4e-05,0.0,0.0002,0.0
Boston,0.00029,0.0,0.00027,0.00016
Tallahassee,0.00014,0.00284,0.00024,0.0
Boston_gaymers,0.00272,0,0.0,0
NewYorkCity,0.00081,0.0,0.00179,0.00074
NewYorkCity_gaymers,0.00075,0.0,0.00102,0.0
Dallas,0.00044,0.00049,0.00043,0.00012
Houston,0.00023,0.0,0.00025,0.00034
Houstontx,0.0,0,0.0,0
Houston_gamers,0.0,0,0.0,0
Chicago,0.00093,0.00055,0.00132,0.00077
Chicago_gamers,0.0,0,0,0
